Country,Region,Destination,value
Albania,ALB,Europe,Albania,567
Albania,ALB,Europe,Others,1
Albania,ALB,Europe,Total,570
Algeria,DZA,Africa,Algeria,3
Algeria,DZA,Africa,Gambia,1
Algeria,DZA,Africa,Guinea,7
Algeria,DZA,Africa,Mali,19
Algeria,DZA,Africa,Niger,32
Algeria,DZA,Africa,Total,62
Angola,AGO,Africa,Congo,1
Angola,AGO,Africa,Total,22
Antigua and Barbuda,ATG,Americas,Total,15
Argentina,ARG,Americas,Argentina,484
Argentina,ARG,Americas,Bolivia (Plurinational State of),480
Argentina,ARG,Americas,Brazil,2
Argentina,ARG,Americas,Chile,2
Argentina,ARG,Americas,China,10
Argentina,ARG,Americas,Colombia,12
Argentina,ARG,Americas,Dominican Republic,108
Argentina,ARG,Americas,Ecuador,1
Argentina,ARG,Americas,India,1
Argentina,ARG,Americas,Paraguay,275
Argentina,ARG,Americas,Peru,32
Argentina,ARG,Americas,Total,2999
Argentina,ARG,Americas,Uruguay,2
Argentina,ARG,Americas,Venezuela (Bolivarian Republic of),1
Armenia,ARM,Asia,Armenia,127
Armenia,ARM,Asia,China,1
Armenia,ARM,Asia,Russian Federation,24
Armenia,ARM,Asia,Total,291
Australia,AUS,Oceania,Afghanistan,7
Australia,AUS,Oceania,Australia,25
Australia,AUS,Oceania,China; Macao SAR,1
Australia,AUS,Oceania,Czechia,1
Australia,AUS,Oceania,India,6
Australia,AUS,Oceania,Indonesia,2
Australia,AUS,Oceania,Malaysia,30
Australia,AUS,Oceania,Others,41
Australia,AUS,Oceania,Philippines,6
Australia,AUS,Oceania,Republic of Korea,27
Australia,AUS,Oceania,Singapore,1
Australia,AUS,Oceania,Thailand,51
Australia,AUS,Oceania,Total,335
Austria,AUT,Europe,Afghanistan,1
Austria,AUT,Europe,Albania,54
Austria,AUT,Europe,Austria,205
Austria,AUT,Europe,Bosnia and Herzegovina,2
Austria,AUT,Europe,Brazil,1
Austria,AUT,Europe,Bulgaria,176
Austria,AUT,Europe,China,22
Austria,AUT,Europe,Colombia,1
Austria,AUT,Europe,Croatia,4
Austria,AUT,Europe,Czechia,28
Austria,AUT,Europe,Democratic People's Republic of Korea,1
Austria,AUT,Europe,Ethiopia,1
Austria,AUT,Europe,Georgia,1
Austria,AUT,Europe,Germany,3
Austria,AUT,Europe,Hungary,136
Austria,AUT,Europe,India,2
Austria,AUT,Europe,Indonesia,3
Austria,AUT,Europe,Italy,2
Austria,AUT,Europe,Kenya,1
Austria,AUT,Europe,Lithuania,5
Austria,AUT,Europe,Nepal,1
Austria,AUT,Europe,Nicaragua,1
Austria,AUT,Europe,Nigeria,137
Austria,AUT,Europe,Others,68
Austria,AUT,Europe,Paraguay,1
Austria,AUT,Europe,Peru,1
Austria,AUT,Europe,Philippines,51
Austria,AUT,Europe,Poland,3
Austria,AUT,Europe,Republic of Moldova,14
Austria,AUT,Europe,Romania,219
Austria,AUT,Europe,Russian Federation,27
Austria,AUT,Europe,Serbia,18
Austria,AUT,Europe,Slovakia,44
Austria,AUT,Europe,Sri Lanka,1
Austria,AUT,Europe,Switzerland,1
Austria,AUT,Europe,Syrian Arab Republic,2
Austria,AUT,Europe,The former Yugoslav Republic of Macedonia,1
Austria,AUT,Europe,Total,377
Austria,AUT,Europe,Tunisia,1
Austria,AUT,Europe,Turkey,4
Austria,AUT,Europe,Ukraine,34
Austria,AUT,Europe,Viet Nam,1
Azerbaijan,AZE,Asia,Azerbaijan,3
Azerbaijan,AZE,Asia,China,1
Azerbaijan,AZE,Asia,Georgia,1
Azerbaijan,AZE,Asia,Kazakhstan,1
Azerbaijan,AZE,Asia,Philippines,1
Azerbaijan,AZE,Asia,Russian Federation,3
Azerbaijan,AZE,Asia,Total,700
Azerbaijan,AZE,Asia,Ukraine,1
Azerbaijan,AZE,Asia,Uzbekistan,8
Bahamas,BHS,Americas,Jamaica,1
Bahamas,BHS,Americas,Total,1
Bahrain,BHR,Asia,Bangladesh,123
Bahrain,BHR,Asia,Colombia,2
Bahrain,BHR,Asia,Dominican Republic,6
Bahrain,BHR,Asia,Egypt,3
Bahrain,BHR,Asia,Ethiopia,1
Bahrain,BHR,Asia,Ghana,1
Bahrain,BHR,Asia,India,19
Bahrain,BHR,Asia,Indonesia,36
Bahrain,BHR,Asia,Iraq,1
Bahrain,BHR,Asia,Kazakhstan,1
Bahrain,BHR,Asia,Kenya,1
Bahrain,BHR,Asia,Morocco,13
Bahrain,BHR,Asia,Nepal,1
Bahrain,BHR,Asia,Pakistan,110
Bahrain,BHR,Asia,Panama,1
Bahrain,BHR,Asia,Philippines,5
Bahrain,BHR,Asia,Russian Federation,44
Bahrain,BHR,Asia,Sri Lanka,12
Bahrain,BHR,Asia,Thailand,27
Bahrain,BHR,Asia,Total,406
Bahrain,BHR,Asia,Viet Nam,1
Bangladesh,BGD,Asia,Total,1283
Barbados,BRB,Americas,Guyana,5
Barbados,BRB,Americas,Total,5
Belarus,BLR,Europe,Belarus,2504
Belarus,BLR,Europe,Kazakhstan,1
Belarus,BLR,Europe,Russian Federation,2
Belarus,BLR,Europe,Total,5381
Belarus,BLR,Europe,Ukraine,4
Belarus,BLR,Europe,Viet Nam,16
Belgium,BEL,Europe,Afghanistan,1
Belgium,BEL,Europe,Albania,14
Belgium,BEL,Europe,Algeria,4
Belgium,BEL,Europe,Bangladesh,3
Belgium,BEL,Europe,Belgium,1
Belgium,BEL,Europe,Benin,9
Belgium,BEL,Europe,Bhutan,1
Belgium,BEL,Europe,Bolivia (Plurinational State of),1
Belgium,BEL,Europe,Brazil,27
Belgium,BEL,Europe,Bulgaria,5
Belgium,BEL,Europe,Burkina Faso,3
Belgium,BEL,Europe,Cameroon,2
Belgium,BEL,Europe,Chad,1
Belgium,BEL,Europe,China,16
Belgium,BEL,Europe,Colombia,1
Belgium,BEL,Europe,Congo,2
Belgium,BEL,Europe,Cote d'Ivoire,2
Belgium,BEL,Europe,Croatia,2
Belgium,BEL,Europe,Czechia,2
Belgium,BEL,Europe,Dominican Republic,1
Belgium,BEL,Europe,Egypt,9
Belgium,BEL,Europe,Equatorial Guinea,1
Belgium,BEL,Europe,Eritrea,1
Belgium,BEL,Europe,Ethiopia,2
Belgium,BEL,Europe,France,2
Belgium,BEL,Europe,Georgia,1
Belgium,BEL,Europe,Germany,1
Belgium,BEL,Europe,Ghana,4
Belgium,BEL,Europe,Guinea,1
Belgium,BEL,Europe,Hungary,2
Belgium,BEL,Europe,India,32
Belgium,BEL,Europe,Indonesia,1
Belgium,BEL,Europe,Iran (Islamic Republic of),4
Belgium,BEL,Europe,Iraq,3
Belgium,BEL,Europe,Jordan,1
Belgium,BEL,Europe,Kenya,1
Belgium,BEL,Europe,Kosovo under UNSCR 1244,1
Belgium,BEL,Europe,Mauritius,1
Belgium,BEL,Europe,Morocco,72
Belgium,BEL,Europe,Nigeria,29
Belgium,BEL,Europe,Pakistan,9
Belgium,BEL,Europe,Philippines,2
Belgium,BEL,Europe,Poland,8
Belgium,BEL,Europe,Romania,33
Belgium,BEL,Europe,Russian Federation,2
Belgium,BEL,Europe,Senegal,3
Belgium,BEL,Europe,Serbia,1
Belgium,BEL,Europe,Sierra Leone,1
Belgium,BEL,Europe,Slovakia,2
Belgium,BEL,Europe,Somalia,1
Belgium,BEL,Europe,Spain,2
Belgium,BEL,Europe,State of Palestine,1
Belgium,BEL,Europe,Syrian Arab Republic,1
Belgium,BEL,Europe,Thailand,4
Belgium,BEL,Europe,Total,959
Belgium,BEL,Europe,Tunisia,3
Belgium,BEL,Europe,Turkey,8
Belgium,BEL,Europe,Ukraine,4
Belgium,BEL,Europe,Uzbekistan,1
Belgium,BEL,Europe,Viet Nam,2
Benin,BEN,Africa,Total,2158
Bolivia (Plurinational State of),BOL,Americas,Bangladesh,5
Bolivia (Plurinational State of),BOL,Americas,Bolivia (Plurinational State of),1058
Bolivia (Plurinational State of),BOL,Americas,Brazil,1
Bolivia (Plurinational State of),BOL,Americas,China,1
Bolivia (Plurinational State of),BOL,Americas,Colombia,1
Bolivia (Plurinational State of),BOL,Americas,India,1
Bolivia (Plurinational State of),BOL,Americas,Paraguay,8
Bolivia (Plurinational State of),BOL,Americas,Peru,1
Bolivia (Plurinational State of),BOL,Americas,Russian Federation,1
Bolivia (Plurinational State of),BOL,Americas,Total,1922
Bosnia and Herzegovina,BIH,Europe,Bosnia and Herzegovina,320
Bosnia and Herzegovina,BIH,Europe,Bulgaria,2
Bosnia and Herzegovina,BIH,Europe,Croatia,5
Bosnia and Herzegovina,BIH,Europe,Cuba,1
Bosnia and Herzegovina,BIH,Europe,Gambia,1
Bosnia and Herzegovina,BIH,Europe,Germany,2
Bosnia and Herzegovina,BIH,Europe,Iraq,1
Bosnia and Herzegovina,BIH,Europe,Kosovo under UNSCR 1244,2
Bosnia and Herzegovina,BIH,Europe,Republic of Moldova,1
Bosnia and Herzegovina,BIH,Europe,Romania,2
Bosnia and Herzegovina,BIH,Europe,Serbia,20
Bosnia and Herzegovina,BIH,Europe,Sri Lanka,1
Bosnia and Herzegovina,BIH,Europe,The former Yugoslav Republic of Macedonia,1
Bosnia and Herzegovina,BIH,Europe,Total,511
Bosnia and Herzegovina,BIH,Europe,Ukraine,3
Bosnia and Herzegovina,BIH,Europe,United States of America,1
Brazil,BRA,Americas,Total,2282
Brunei Darussalam,BRN,Asia,Indonesia,2
Brunei Darussalam,BRN,Asia,Thailand,6
Brunei Darussalam,BRN,Asia,Total,8
Bulgaria,BGR,Europe,Total,5361
Burkina Faso,BFA,Africa,Benin,1
Burkina Faso,BFA,Africa,Burkina Faso,2772
Burkina Faso,BFA,Africa,Ghana,1
Burkina Faso,BFA,Africa,Mali,24
Burkina Faso,BFA,Africa,Niger,1
Burkina Faso,BFA,Africa,Nigeria,1
Burkina Faso,BFA,Africa,Total,7674
Burundi,BDI,Africa,Burundi,10
Burundi,BDI,Africa,Total,139
Cambodia,KHM,Asia,Total,42
Cameroon,CMR,Africa,Total,83
Canada,CAN,Americas,Canada,380
Canada,CAN,Americas,China,2
Canada,CAN,Americas,China; Hong Kong SAR,1
Canada,CAN,Americas,China; Taiwan Province of China,2
Canada,CAN,Americas,Congo,1
Canada,CAN,Americas,France,1
Canada,CAN,Americas,Guatemala,1
Canada,CAN,Americas,Hungary,2
Canada,CAN,Americas,Jamaica,6
Canada,CAN,Americas,Kenya,1
Canada,CAN,Americas,Malaysia,1
Canada,CAN,Americas,Mexico,1
Canada,CAN,Americas,Nigeria,5
Canada,CAN,Americas,Philippines,2
Canada,CAN,Americas,Republic of Moldova,10
Canada,CAN,Americas,Romania,2
Canada,CAN,Americas,Russian Federation,1
Canada,CAN,Americas,Saudi Arabia,1
Canada,CAN,Americas,Slovakia,1
Canada,CAN,Americas,Thailand,20
Canada,CAN,Americas,Total,1010
Canada,CAN,Americas,United Republic of Tanzania,1
Canada,CAN,Americas,United States of America,2
Chile,CHL,Americas,Argentina,2
Chile,CHL,Americas,Bolivia (Plurinational State of),79
Chile,CHL,Americas,Brazil,1
Chile,CHL,Americas,Chile,35
Chile,CHL,Americas,China,51
Chile,CHL,Americas,Colombia,37
Chile,CHL,Americas,Dominican Republic,14
Chile,CHL,Americas,Ecuador,11
Chile,CHL,Americas,India,12
Chile,CHL,Americas,Nepal,1
Chile,CHL,Americas,Paraguay,92
Chile,CHL,Americas,Peru,33
Chile,CHL,Americas,Republic of Korea,1
Chile,CHL,Americas,Russian Federation,1
Chile,CHL,Americas,South Africa,1
Chile,CHL,Americas,Total,408
Chile,CHL,Americas,Venezuela (Bolivarian Republic of),1
China; Taiwan Province of China,TWN,Asia,Bangladesh,22
China; Taiwan Province of China,TWN,Asia,Cambodia,23
China; Taiwan Province of China,TWN,Asia,China,89
China; Taiwan Province of China,TWN,Asia,Indonesia,1337
China; Taiwan Province of China,TWN,Asia,Others,12
China; Taiwan Province of China,TWN,Asia,Philippines,141
China; Taiwan Province of China,TWN,Asia,Thailand,43
China; Taiwan Province of China,TWN,Asia,Total,2353
China; Taiwan Province of China,TWN,Asia,Viet Nam,368
Colombia,COL,Americas,Argentina,2
Colombia,COL,Americas,Canada,1
Colombia,COL,Americas,China,1
Colombia,COL,Americas,Colombia,126
Colombia,COL,Americas,Costa Rica,1
Colombia,COL,Americas,Ecuador,1
Colombia,COL,Americas,India,1
Colombia,COL,Americas,Peru,2
Colombia,COL,Americas,Total,593
Colombia,COL,Americas,Venezuela (Bolivarian Republic of),2
Congo,COG,Africa,Total,73
Costa Rica,CRI,Americas,China,3
Costa Rica,CRI,Americas,Colombia,3
Costa Rica,CRI,Americas,Costa Rica,25
Costa Rica,CRI,Americas,Dominican Republic,7
Costa Rica,CRI,Americas,El Salvador,2
Costa Rica,CRI,Americas,Indonesia,13
Costa Rica,CRI,Americas,Nicaragua,17
Costa Rica,CRI,Americas,Philippines,5
Costa Rica,CRI,Americas,South Africa,1
Costa Rica,CRI,Americas,Total,216
Costa Rica,CRI,Americas,Viet Nam,21
Cote d'Ivoire,CIV,Africa,Benin,2
Cote d'Ivoire,CIV,Africa,Burkina Faso,29
Cote d'Ivoire,CIV,Africa,China,7
Cote d'Ivoire,CIV,Africa,Cote d'Ivoire,14
Cote d'Ivoire,CIV,Africa,Ghana,1
Cote d'Ivoire,CIV,Africa,Mali,34
Cote d'Ivoire,CIV,Africa,Niger,2
Cote d'Ivoire,CIV,Africa,Nigeria,11
Cote d'Ivoire,CIV,Africa,Philippines,1
Cote d'Ivoire,CIV,Africa,Togo,1
Cote d'Ivoire,CIV,Africa,Total,454
Croatia,HRV,Europe,Afghanistan,1
Croatia,HRV,Europe,Bosnia and Herzegovina,14
Croatia,HRV,Europe,Croatia,120
Croatia,HRV,Europe,Hungary,1
Croatia,HRV,Europe,Kosovo under UNSCR 1244,1
Croatia,HRV,Europe,Nigeria,1
Croatia,HRV,Europe,Pakistan,1
Croatia,HRV,Europe,Philippines,1
Croatia,HRV,Europe,Republic of Moldova,1
Croatia,HRV,Europe,Romania,4
Croatia,HRV,Europe,Serbia,3
Croatia,HRV,Europe,Thailand,1
Croatia,HRV,Europe,Total,234
Croatia,HRV,Europe,United States of America,1
Cuba,CUB,Americas,Cuba,60
Cuba,CUB,Americas,Total,60
Cyprus,CYP,Asia,Bangladesh,6
Cyprus,CYP,Asia,Belarus,4
Cyprus,CYP,Asia,Bulgaria,27
Cyprus,CYP,Asia,Cameroon,4
Cyprus,CYP,Asia,China,7
Cyprus,CYP,Asia,Cote d'Ivoire,2
Cyprus,CYP,Asia,Cyprus,1
Cyprus,CYP,Asia,Dominican Republic,17
Cyprus,CYP,Asia,Egypt,6
Cyprus,CYP,Asia,Eritrea,1
Cyprus,CYP,Asia,Estonia,2
Cyprus,CYP,Asia,Greece,2
Cyprus,CYP,Asia,Hungary,2
Cyprus,CYP,Asia,India,31
Cyprus,CYP,Asia,Kenya,1
Cyprus,CYP,Asia,Latvia,2
Cyprus,CYP,Asia,Morocco,4
Cyprus,CYP,Asia,Paraguay,1
Cyprus,CYP,Asia,Philippines,29
Cyprus,CYP,Asia,Republic of Moldova,22
Cyprus,CYP,Asia,Romania,140
Cyprus,CYP,Asia,Russian Federation,13
Cyprus,CYP,Asia,Sri Lanka,1
Cyprus,CYP,Asia,Syrian Arab Republic,2
Cyprus,CYP,Asia,Total,431
Cyprus,CYP,Asia,Ukraine,15
Cyprus,CYP,Asia,United Kingdom,1
Cyprus,CYP,Asia,Uzbekistan,1
Cyprus,CYP,Asia,Viet Nam,23
Czechia,CZE,Europe,Armenia,1
Czechia,CZE,Europe,Brazil,1
Czechia,CZE,Europe,Bulgaria,37
Czechia,CZE,Europe,Congo,2
Czechia,CZE,Europe,Czechia,49
Czechia,CZE,Europe,Honduras,1
Czechia,CZE,Europe,Hungary,1
Czechia,CZE,Europe,Kazakhstan,1
Czechia,CZE,Europe,Latvia,1
Czechia,CZE,Europe,Montenegro,1
Czechia,CZE,Europe,Nigeria,8
Czechia,CZE,Europe,Philippines,1
Czechia,CZE,Europe,Poland,1
Czechia,CZE,Europe,Republic of Moldova,8
Czechia,CZE,Europe,Romania,55
Czechia,CZE,Europe,Russian Federation,3
Czechia,CZE,Europe,Slovakia,12
Czechia,CZE,Europe,Sri Lanka,1
Czechia,CZE,Europe,State of Palestine,2
Czechia,CZE,Europe,Suriname,1
Czechia,CZE,Europe,The former Yugoslav Republic of Macedonia,1
Czechia,CZE,Europe,Total,646
Czechia,CZE,Europe,Ukraine,56
Czechia,CZE,Europe,Uzbekistan,1
Czechia,CZE,Europe,Viet Nam,3
Denmark,DNK,Europe,Afghanistan,3
Denmark,DNK,Europe,Bangladesh,1
Denmark,DNK,Europe,Belarus,1
Denmark,DNK,Europe,Benin,1
Denmark,DNK,Europe,Bolivia (Plurinational State of),1
Denmark,DNK,Europe,Brazil,6
Denmark,DNK,Europe,Bulgaria,4
Denmark,DNK,Europe,Burundi,1
Denmark,DNK,Europe,Cameroon,3
Denmark,DNK,Europe,China,2
Denmark,DNK,Europe,Colombia,1
Denmark,DNK,Europe,Congo,1
Denmark,DNK,Europe,Cote d'Ivoire,2
Denmark,DNK,Europe,Czechia,3
Denmark,DNK,Europe,Denmark,2
Denmark,DNK,Europe,Dominican Republic,1
Denmark,DNK,Europe,Equatorial Guinea,1
Denmark,DNK,Europe,Eritrea,1
Denmark,DNK,Europe,Ethiopia,2
Denmark,DNK,Europe,Gambia,2
Denmark,DNK,Europe,Ghana,6
Denmark,DNK,Europe,Guatemala,1
Denmark,DNK,Europe,Honduras,1
Denmark,DNK,Europe,Hungary,1
Denmark,DNK,Europe,India,1
Denmark,DNK,Europe,Iran (Islamic Republic of),1
Denmark,DNK,Europe,Kenya,4
Denmark,DNK,Europe,Kosovo under UNSCR 1244,1
Denmark,DNK,Europe,Latvia,3
Denmark,DNK,Europe,Liberia,2
Denmark,DNK,Europe,Lithuania,1
Denmark,DNK,Europe,Mali,1
Denmark,DNK,Europe,Morocco,5
Denmark,DNK,Europe,Myanmar,1
Denmark,DNK,Europe,Nepal,2
Denmark,DNK,Europe,Nicaragua,1
Denmark,DNK,Europe,Nigeria,333
Denmark,DNK,Europe,Paraguay,1
Denmark,DNK,Europe,Poland,2
Denmark,DNK,Europe,Portugal,3
Denmark,DNK,Europe,Romania,69
Denmark,DNK,Europe,Serbia,4
Denmark,DNK,Europe,Slovakia,6
Denmark,DNK,Europe,Slovenia,1
Denmark,DNK,Europe,Somalia,1
Denmark,DNK,Europe,Sudan,1
Denmark,DNK,Europe,Thailand,46
Denmark,DNK,Europe,The former Yugoslav Republic of Macedonia,1
Denmark,DNK,Europe,Total,693
Denmark,DNK,Europe,Tunisia,1
Denmark,DNK,Europe,Uganda,17
Denmark,DNK,Europe,Ukraine,4
Denmark,DNK,Europe,Venezuela (Bolivarian Republic of),2
Denmark,DNK,Europe,Viet Nam,4
Denmark,DNK,Europe,Zimbabwe,1
Dominican Republic,DOM,Americas,China,2
Dominican Republic,DOM,Americas,Colombia,22
Dominican Republic,DOM,Americas,Dominican Republic,499
Dominican Republic,DOM,Americas,Haiti,94
Dominican Republic,DOM,Americas,Nicaragua,25
Dominican Republic,DOM,Americas,Total,938
Dominican Republic,DOM,Americas,Venezuela (Bolivarian Republic of),38
Ecuador,ECU,Americas,Colombia,67
Ecuador,ECU,Americas,Cuba,3
Ecuador,ECU,Americas,Dominican Republic,1
Ecuador,ECU,Americas,Ecuador,440
Ecuador,ECU,Americas,Peru,1
Ecuador,ECU,Americas,Total,578
Ecuador,ECU,Americas,Venezuela (Bolivarian Republic of),8
Egypt,EGY,Africa,Benin,1
Egypt,EGY,Africa,Egypt,371
Egypt,EGY,Africa,Eritrea,1
Egypt,EGY,Africa,Indonesia,14
Egypt,EGY,Africa,Philippines,2
Egypt,EGY,Africa,Thailand,1
Egypt,EGY,Africa,Total,439
El Salvador,SLV,Americas,Argentina,1
El Salvador,SLV,Americas,China,2
El Salvador,SLV,Americas,Colombia,1
El Salvador,SLV,Americas,Costa Rica,1
El Salvador,SLV,Americas,Cuba,1
El Salvador,SLV,Americas,Dominican Republic,1
El Salvador,SLV,Americas,El Salvador,552
El Salvador,SLV,Americas,Guatemala,12
El Salvador,SLV,Americas,Honduras,9
El Salvador,SLV,Americas,Mexico,5
El Salvador,SLV,Americas,Nicaragua,8
El Salvador,SLV,Americas,Peru,1
El Salvador,SLV,Americas,Total,831
Estonia,EST,Europe,Estonia,28
Estonia,EST,Europe,Romania,1
Estonia,EST,Europe,Total,332
Fiji,FJI,Oceania,Fiji,1
Fiji,FJI,Oceania,Thailand,1
Fiji,FJI,Oceania,Total,6
Finland,FIN,Europe,Afghanistan,27
Finland,FIN,Europe,Angola,1
Finland,FIN,Europe,Bangladesh,16
Finland,FIN,Europe,Belarus,2
Finland,FIN,Europe,Burkina Faso,1
Finland,FIN,Europe,Cambodia,1
Finland,FIN,Europe,Cameroon,3
Finland,FIN,Europe,China,5
Finland,FIN,Europe,Colombia,1
Finland,FIN,Europe,Congo,3
Finland,FIN,Europe,Cote d'Ivoire,1
Finland,FIN,Europe,Czechia,1
Finland,FIN,Europe,Dominican Republic,1
Finland,FIN,Europe,Egypt,1
Finland,FIN,Europe,Eritrea,2
Finland,FIN,Europe,Estonia,6
Finland,FIN,Europe,Ethiopia,6
Finland,FIN,Europe,Finland,9
Finland,FIN,Europe,Gambia,2
Finland,FIN,Europe,Ghana,5
Finland,FIN,Europe,Guinea,2
Finland,FIN,Europe,India,13
Finland,FIN,Europe,Iran (Islamic Republic of),3
Finland,FIN,Europe,Iraq,20
Finland,FIN,Europe,Jordan,1
Finland,FIN,Europe,Kenya,1
Finland,FIN,Europe,Kosovo under UNSCR 1244,1
Finland,FIN,Europe,Kyrgyzstan,2
Finland,FIN,Europe,Latvia,1
Finland,FIN,Europe,Liberia,1
Finland,FIN,Europe,Mali,1
Finland,FIN,Europe,Morocco,4
Finland,FIN,Europe,Myanmar,1
Finland,FIN,Europe,Namibia,1
Finland,FIN,Europe,Nepal,3
Finland,FIN,Europe,Nigeria,106
Finland,FIN,Europe,Others,1
Finland,FIN,Europe,Pakistan,2
Finland,FIN,Europe,Peru,1
Finland,FIN,Europe,Philippines,8
Finland,FIN,Europe,Poland,1
Finland,FIN,Europe,Romania,7
Finland,FIN,Europe,Russian Federation,10
Finland,FIN,Europe,Rwanda,1
Finland,FIN,Europe,Senegal,1
Finland,FIN,Europe,Serbia,1
Finland,FIN,Europe,Slovakia,1
Finland,FIN,Europe,Somalia,45
Finland,FIN,Europe,Sri Lanka,3
Finland,FIN,Europe,Thailand,48
Finland,FIN,Europe,Togo,2
Finland,FIN,Europe,Total,539
Finland,FIN,Europe,Turkey,2
Finland,FIN,Europe,Uganda,1
Finland,FIN,Europe,Ukraine,8
Finland,FIN,Europe,Viet Nam,34
Finland,FIN,Europe,Zambia,1
France,FRA,Europe,Albania,17
France,FRA,Europe,Algeria,126
France,FRA,Europe,Angola,1
France,FRA,Europe,Argentina,3
France,FRA,Europe,Austria,1
France,FRA,Europe,Bangladesh,15
France,FRA,Europe,Belgium,2
France,FRA,Europe,Benin,1
France,FRA,Europe,Bolivia (Plurinational State of),2
France,FRA,Europe,Bosnia and Herzegovina,1
France,FRA,Europe,Brazil,249
France,FRA,Europe,Bulgaria,330
France,FRA,Europe,Burkina Faso,1
France,FRA,Europe,Cameroon,149
France,FRA,Europe,China,448
France,FRA,Europe,Colombia,25
France,FRA,Europe,Congo,1
France,FRA,Europe,Cote d'Ivoire,3
France,FRA,Europe,Cuba,1
France,FRA,Europe,Czechia,2
France,FRA,Europe,Denmark,1
France,FRA,Europe,Dominican Republic,41
France,FRA,Europe,Ecuador,12
France,FRA,Europe,France,1527
France,FRA,Europe,Gabon,1
France,FRA,Europe,Gambia,1
France,FRA,Europe,Germany,7
France,FRA,Europe,Ghana,15
France,FRA,Europe,Guinea,40
France,FRA,Europe,Hungary,49
France,FRA,Europe,Iran (Islamic Republic of),1
France,FRA,Europe,Italy,1
France,FRA,Europe,Japan,1
France,FRA,Europe,Lao People's Democratic Republic,1
France,FRA,Europe,Liberia,1
France,FRA,Europe,Lithuania,1
France,FRA,Europe,Madagascar,13
France,FRA,Europe,Mauritius,16
France,FRA,Europe,Morocco,151
France,FRA,Europe,Nigeria,440
France,FRA,Europe,Others,144
France,FRA,Europe,Paraguay,2
France,FRA,Europe,Peru,26
France,FRA,Europe,Poland,43
France,FRA,Europe,Portugal,13
France,FRA,Europe,Republic of Moldova,2
France,FRA,Europe,Romania,738
France,FRA,Europe,Russian Federation,56
France,FRA,Europe,Senegal,2
France,FRA,Europe,Serbia,2
France,FRA,Europe,Sierra Leone,47
France,FRA,Europe,Spain,3
France,FRA,Europe,Switzerland,1
France,FRA,Europe,Thailand,17
France,FRA,Europe,Togo,1
France,FRA,Europe,Total,2948
France,FRA,Europe,Tunisia,2
France,FRA,Europe,Ukraine,7
France,FRA,Europe,United Kingdom,1
France,FRA,Europe,Venezuela (Bolivarian Republic of),2
France,FRA,Europe,Viet Nam,2
Gambia,GMB,Africa,Benin,1
Gambia,GMB,Africa,Gambia,1
Gambia,GMB,Africa,Ghana,1
Gambia,GMB,Africa,Guinea,1
Gambia,GMB,Africa,Guinea-Bissau,1
Gambia,GMB,Africa,Liberia,1
Gambia,GMB,Africa,Nigeria,1
Gambia,GMB,Africa,Senegal,1
Gambia,GMB,Africa,Sierra Leone,1
Georgia,GEO,Asia,Georgia,2
Georgia,GEO,Asia,Total,121
Georgia,GEO,Asia,Uzbekistan,2
Germany,DEU,Europe,Afghanistan,31
Germany,DEU,Europe,Albania,10
Germany,DEU,Europe,Algeria,2
Germany,DEU,Europe,Armenia,1
Germany,DEU,Europe,Austria,2
Germany,DEU,Europe,Azerbaijan,1
Germany,DEU,Europe,Bangladesh,10
Germany,DEU,Europe,Belarus,1
Germany,DEU,Europe,Belgium,1
Germany,DEU,Europe,Benin,2
Germany,DEU,Europe,Bolivia (Plurinational State of),1
Germany,DEU,Europe,Bosnia and Herzegovina,27
Germany,DEU,Europe,Brazil,11
Germany,DEU,Europe,Bulgaria,1125
Germany,DEU,Europe,Cabo Verde,1
Germany,DEU,Europe,Cambodia,1
Germany,DEU,Europe,Cameroon,6
Germany,DEU,Europe,China,40
Germany,DEU,Europe,Colombia,1
Germany,DEU,Europe,Congo,3
Germany,DEU,Europe,Cote d'Ivoire,1
Germany,DEU,Europe,Croatia,7
Germany,DEU,Europe,Cuba,1
Germany,DEU,Europe,Czechia,156
Germany,DEU,Europe,Dominican Republic,3
Germany,DEU,Europe,Ecuador,1
Germany,DEU,Europe,Estonia,2
Germany,DEU,Europe,Ethiopia,1
Germany,DEU,Europe,France,1
Germany,DEU,Europe,Gambia,3
Germany,DEU,Europe,Germany,1348
Germany,DEU,Europe,Ghana,16
Germany,DEU,Europe,Greece,4
Germany,DEU,Europe,Guinea,6
Germany,DEU,Europe,Haiti,1
Germany,DEU,Europe,Hungary,399
Germany,DEU,Europe,India,5
Germany,DEU,Europe,Indonesia,2
Germany,DEU,Europe,Iran (Islamic Republic of),1
Germany,DEU,Europe,Iraq,2
Germany,DEU,Europe,Ireland,1
Germany,DEU,Europe,Italy,10
Germany,DEU,Europe,Kazakhstan,3
Germany,DEU,Europe,Kenya,6
Germany,DEU,Europe,Latvia,28
Germany,DEU,Europe,Lebanon,3
Germany,DEU,Europe,Libya,1
Germany,DEU,Europe,Lithuania,39
Germany,DEU,Europe,Malaysia,2
Germany,DEU,Europe,Mexico,2
Germany,DEU,Europe,Mongolia,1
Germany,DEU,Europe,Morocco,1
Germany,DEU,Europe,Nepal,1
Germany,DEU,Europe,Netherlands,2
Germany,DEU,Europe,Nigeria,233
Germany,DEU,Europe,Norway,1
Germany,DEU,Europe,Others,11
Germany,DEU,Europe,Pakistan,11
Germany,DEU,Europe,Paraguay,1
Germany,DEU,Europe,Peru,1
Germany,DEU,Europe,Poland,281
Germany,DEU,Europe,Portugal,3
Germany,DEU,Europe,Republic of Korea,1
Germany,DEU,Europe,Republic of Moldova,8
Germany,DEU,Europe,Romania,1351
Germany,DEU,Europe,Russian Federation,58
Germany,DEU,Europe,Rwanda,1
Germany,DEU,Europe,Senegal,3
Germany,DEU,Europe,Serbia,40
Germany,DEU,Europe,Sierra Leone,4
Germany,DEU,Europe,Singapore,1
Germany,DEU,Europe,Slovakia,89
Germany,DEU,Europe,Slovenia,2
Germany,DEU,Europe,Somalia,1
Germany,DEU,Europe,South Sudan,1
Germany,DEU,Europe,Spain,5
Germany,DEU,Europe,Sri Lanka,1
Germany,DEU,Europe,Sudan,3
Germany,DEU,Europe,Switzerland,2
Germany,DEU,Europe,Syrian Arab Republic,1
Germany,DEU,Europe,Thailand,11
Germany,DEU,Europe,The former Yugoslav Republic of Macedonia,6
Germany,DEU,Europe,Togo,2
Germany,DEU,Europe,Total,9878
Germany,DEU,Europe,Turkey,94
Germany,DEU,Europe,Uganda,1
Germany,DEU,Europe,Ukraine,64
Germany,DEU,Europe,Venezuela (Bolivarian Republic of),9
Germany,DEU,Europe,Viet Nam,14
Ghana,GHA,Africa,China,1
Ghana,GHA,Africa,Ghana,347
Ghana,GHA,Africa,Nigeria,1
Ghana,GHA,Africa,Togo,1
Greece,GRC,Europe,Afghanistan,1
Greece,GRC,Europe,Albania,35
Greece,GRC,Europe,Bangladesh,37
Greece,GRC,Europe,Brazil,1
Greece,GRC,Europe,Bulgaria,209
Greece,GRC,Europe,Cameroon,2
Greece,GRC,Europe,China,1
Greece,GRC,Europe,Cote d'Ivoire,1
Greece,GRC,Europe,Czechia,1
Greece,GRC,Europe,Dominican Republic,8
Greece,GRC,Europe,Georgia,1
Greece,GRC,Europe,Greece,35
Greece,GRC,Europe,Hungary,3
Greece,GRC,Europe,Latvia,1
Greece,GRC,Europe,Lithuania,4
Greece,GRC,Europe,Morocco,1
Greece,GRC,Europe,Nigeria,34
Greece,GRC,Europe,Pakistan,2
Greece,GRC,Europe,Poland,2
Greece,GRC,Europe,Republic of Moldova,6
Greece,GRC,Europe,Romania,328
Greece,GRC,Europe,Russian Federation,79
Greece,GRC,Europe,Serbia,1
Greece,GRC,Europe,Slovakia,6
Greece,GRC,Europe,State of Palestine,1
Greece,GRC,Europe,Sudan,1
Greece,GRC,Europe,The former Yugoslav Republic of Macedonia,1
Greece,GRC,Europe,Total,1413
Greece,GRC,Europe,Ukraine,5
Greece,GRC,Europe,Uzbekistan,2
Guatemala,GTM,Americas,Colombia,8
Guatemala,GTM,Americas,Dominican Republic,1
Guatemala,GTM,Americas,El Salvador,30
Guatemala,GTM,Americas,Guatemala,749
Guatemala,GTM,Americas,Honduras,27
Guatemala,GTM,Americas,Nicaragua,55
Guatemala,GTM,Americas,Total,2093
Guinea,GIN,Africa,Total,113
Guyana,GUY,Americas,Brazil,30
Guyana,GUY,Americas,Dominican Republic,18
Guyana,GUY,Americas,Guyana,129
Guyana,GUY,Americas,Others,11
Guyana,GUY,Americas,Total,357
Guyana,GUY,Americas,Venezuela (Bolivarian Republic of),2
Honduras,HND,Americas,El Salvador,1
Honduras,HND,Americas,Guatemala,1
Honduras,HND,Americas,Honduras,142
Honduras,HND,Americas,Nicaragua,2
Honduras,HND,Americas,Total,282
Hungary,HUN,Europe,China,6
Hungary,HUN,Europe,Denmark,1
Hungary,HUN,Europe,Hungary,208
Hungary,HUN,Europe,Iran (Islamic Republic of),1
Hungary,HUN,Europe,Poland,1
Hungary,HUN,Europe,Romania,5
Hungary,HUN,Europe,Slovakia,2
Hungary,HUN,Europe,Thailand,1
Hungary,HUN,Europe,Total,2047
Hungary,HUN,Europe,United Kingdom,1
Hungary,HUN,Europe,United States of America,1
Indonesia,IDN,Asia,Colombia,1
Indonesia,IDN,Asia,Indonesia,2180
Indonesia,IDN,Asia,Republic of Moldova,1
Indonesia,IDN,Asia,Total,3095
Indonesia,IDN,Asia,Ukraine,5
Indonesia,IDN,Asia,Uzbekistan,9
Ireland,IRL,Europe,Albania,5
Ireland,IRL,Europe,Bangladesh,5
Ireland,IRL,Europe,Bolivia (Plurinational State of),1
Ireland,IRL,Europe,Brazil,12
Ireland,IRL,Europe,Bulgaria,5
Ireland,IRL,Europe,Cameroon,4
Ireland,IRL,Europe,China,3
Ireland,IRL,Europe,Cote d'Ivoire,1
Ireland,IRL,Europe,Czechia,2
Ireland,IRL,Europe,Eritrea,1
Ireland,IRL,Europe,Ethiopia,1
Ireland,IRL,Europe,Fiji,1
Ireland,IRL,Europe,Ghana,5
Ireland,IRL,Europe,Hungary,3
Ireland,IRL,Europe,India,1
Ireland,IRL,Europe,Ireland,73
Ireland,IRL,Europe,Italy,1
Ireland,IRL,Europe,Kenya,3
Ireland,IRL,Europe,Latvia,2
Ireland,IRL,Europe,Liberia,1
Ireland,IRL,Europe,Lithuania,12
Ireland,IRL,Europe,Malawi,1
Ireland,IRL,Europe,Malaysia,2
Ireland,IRL,Europe,Mauritius,2
Ireland,IRL,Europe,Morocco,3
Ireland,IRL,Europe,Nigeria,89
Ireland,IRL,Europe,Pakistan,4
Ireland,IRL,Europe,Peru,1
Ireland,IRL,Europe,Philippines,4
Ireland,IRL,Europe,Poland,6
Ireland,IRL,Europe,Portugal,1
Ireland,IRL,Europe,Republic of Moldova,1
Ireland,IRL,Europe,Romania,95
Ireland,IRL,Europe,Serbia,1
Ireland,IRL,Europe,Sierra Leone,2
Ireland,IRL,Europe,Slovakia,2
Ireland,IRL,Europe,Somalia,2
Ireland,IRL,Europe,South Africa,6
Ireland,IRL,Europe,Thailand,1
Ireland,IRL,Europe,Togo,1
Ireland,IRL,Europe,Total,512
Ireland,IRL,Europe,Uganda,1
Ireland,IRL,Europe,Ukraine,1
Ireland,IRL,Europe,Viet Nam,2
Ireland,IRL,Europe,Zimbabwe,6
Israel,ISR,Asia,Belarus,1
Israel,ISR,Asia,Brazil,1
Israel,ISR,Asia,Chile,1
Israel,ISR,Asia,China,3
Israel,ISR,Asia,Colombia,2
Israel,ISR,Asia,Cote d'Ivoire,1
Israel,ISR,Asia,Eritrea,139
Israel,ISR,Asia,Ethiopia,80
Israel,ISR,Asia,Georgia,1
Israel,ISR,Asia,Ghana,1
Israel,ISR,Asia,Guinea,1
Israel,ISR,Asia,India,1
Israel,ISR,Asia,Israel,24
Israel,ISR,Asia,Nepal,3
Israel,ISR,Asia,Niger,1
Israel,ISR,Asia,Peru,1
Israel,ISR,Asia,Philippines,9
Israel,ISR,Asia,Republic of Moldova,6
Israel,ISR,Asia,Russian Federation,18
Israel,ISR,Asia,Rwanda,1
Israel,ISR,Asia,Senegal,1
Israel,ISR,Asia,Sri Lanka,2
Israel,ISR,Asia,State of Palestine,1
Israel,ISR,Asia,Sudan,2
Israel,ISR,Asia,Thailand,135
Israel,ISR,Asia,Total,794
Israel,ISR,Asia,Ukraine,35
Israel,ISR,Asia,Uzbekistan,2
Israel,ISR,Asia,Viet Nam,1
Italy,ITA,Europe,Albania,29
Italy,ITA,Europe,Bangladesh,16
Italy,ITA,Europe,Brazil,15
Italy,ITA,Europe,Bulgaria,143
Italy,ITA,Europe,Burkina Faso,1
Italy,ITA,Europe,China,52
Italy,ITA,Europe,Colombia,1
Italy,ITA,Europe,Croatia,8
Italy,ITA,Europe,Cuba,1
Italy,ITA,Europe,Dominican Republic,1
Italy,ITA,Europe,Ecuador,1
Italy,ITA,Europe,Egypt,2
Italy,ITA,Europe,Former Yugoslavia,21
Italy,ITA,Europe,Gambia,1
Italy,ITA,Europe,Germany,1
Italy,ITA,Europe,India,32
Italy,ITA,Europe,Italy,1311
Italy,ITA,Europe,Latvia,1
Italy,ITA,Europe,Morocco,67
Italy,ITA,Europe,Nigeria,593
Italy,ITA,Europe,Others,29
Italy,ITA,Europe,Pakistan,28
Italy,ITA,Europe,Philippines,1
Italy,ITA,Europe,Poland,26
Italy,ITA,Europe,Republic of Moldova,8
Italy,ITA,Europe,Romania,814
Italy,ITA,Europe,Russian Federation,13
Italy,ITA,Europe,Senegal,2
Italy,ITA,Europe,Serbia,7
Italy,ITA,Europe,Slovakia,16
Italy,ITA,Europe,Sudan,1
Italy,ITA,Europe,Thailand,16
Italy,ITA,Europe,The former Yugoslav Republic of Macedonia,9
Italy,ITA,Europe,Total,5349
Italy,ITA,Europe,Tunisia,14
Italy,ITA,Europe,Ukraine,6
Jamaica,JAM,Americas,China,1
Jamaica,JAM,Americas,Dominican Republic,1
Jamaica,JAM,Americas,Guatemala,21
Jamaica,JAM,Americas,Guyana,1
Jamaica,JAM,Americas,Haiti,1
Jamaica,JAM,Americas,India,7
Jamaica,JAM,Americas,Jamaica,4
Jamaica,JAM,Americas,Myanmar,1
Jamaica,JAM,Americas,Panama,1
Jamaica,JAM,Americas,Total,45
Japan,JPN,Asia,Bangladesh,1
Japan,JPN,Asia,Cambodia,7
Japan,JPN,Asia,China,4
Japan,JPN,Asia,China; Taiwan Province of China,8
Japan,JPN,Asia,Indonesia,24
Japan,JPN,Asia,Japan,87
Japan,JPN,Asia,Philippines,133
Japan,JPN,Asia,Republic of Korea,7
Japan,JPN,Asia,Rwanda,1
Japan,JPN,Asia,Sri Lanka,1
Japan,JPN,Asia,Thailand,67
Japan,JPN,Asia,Total,519
Japan,JPN,Asia,Viet Nam,1
Jordan,JOR,Asia,Bangladesh,20
Jordan,JOR,Asia,Egypt,5
Jordan,JOR,Asia,India,1
Jordan,JOR,Asia,Indonesia,6
Jordan,JOR,Asia,Philippines,1
Jordan,JOR,Asia,Sri Lanka,5
Jordan,JOR,Asia,Syrian Arab Republic,1
Jordan,JOR,Asia,Total,329
Kazakhstan,KAZ,Asia,China,1
Kazakhstan,KAZ,Asia,Kazakhstan,349
Kazakhstan,KAZ,Asia,Kyrgyzstan,35
Kazakhstan,KAZ,Asia,Mongolia,2
Kazakhstan,KAZ,Asia,Nigeria,1
Kazakhstan,KAZ,Asia,Philippines,2
Kazakhstan,KAZ,Asia,Republic of Moldova,3
Kazakhstan,KAZ,Asia,Russian Federation,5
Kazakhstan,KAZ,Asia,Tajikistan,15
Kazakhstan,KAZ,Asia,Total,428
Kazakhstan,KAZ,Asia,Turkmenistan,1
Kazakhstan,KAZ,Asia,Ukraine,2
Kazakhstan,KAZ,Asia,Uzbekistan,241
Kenya,KEN,Africa,Rwanda,1
Kenya,KEN,Africa,Total,1000
Kenya,KEN,Africa,Uganda,1
Kenya,KEN,Africa,United Republic of Tanzania,1
Kosovo under UNSCR 1244,RKS,Europe,Latvia,18
Kosovo under UNSCR 1244,RKS,Europe,Tajikistan,1
Kuwait,KWT,Asia,Cameroon,2
Kuwait,KWT,Asia,Ghana,1
Kuwait,KWT,Asia,Guinea,1
Kuwait,KWT,Asia,Nepal,1
Kuwait,KWT,Asia,Philippines,8
Kuwait,KWT,Asia,Sierra Leone,1
Kuwait,KWT,Asia,Sri Lanka,1
Kuwait,KWT,Asia,Togo,1
Kuwait,KWT,Asia,Total,18
Kyrgyzstan,KGZ,Asia,Kyrgyzstan,295
Kyrgyzstan,KGZ,Asia,Total,538
Lao People's Democratic Republic,LAO,Asia,Total,1723
Latvia,LVA,Europe,Latvia,51
Latvia,LVA,Europe,Lithuania,1
Latvia,LVA,Europe,Tajikistan,1
Latvia,LVA,Europe,Thailand,1
Latvia,LVA,Europe,Total,215
Lebanon,LBN,Asia,Bangladesh,16
Lebanon,LBN,Asia,Belarus,1
Lebanon,LBN,Asia,Cameroon,1
Lebanon,LBN,Asia,Congo,1
Lebanon,LBN,Asia,Dominican Republic,1
Lebanon,LBN,Asia,Ethiopia,45
Lebanon,LBN,Asia,Lebanon,12
Lebanon,LBN,Asia,Madagascar,2
Lebanon,LBN,Asia,Morocco,1
Lebanon,LBN,Asia,Nepal,8
Lebanon,LBN,Asia,Others,1
Lebanon,LBN,Asia,Philippines,20
Lebanon,LBN,Asia,Republic of Moldova,1
Lebanon,LBN,Asia,Sri Lanka,7
Lebanon,LBN,Asia,State of Palestine,2
Lebanon,LBN,Asia,Syrian Arab Republic,128
Lebanon,LBN,Asia,Togo,1
Lebanon,LBN,Asia,Total,276
Lebanon,LBN,Asia,Tunisia,1
Lesotho,LSO,Africa,Ethiopia,1
Lesotho,LSO,Africa,India,1
Lesotho,LSO,Africa,Kenya,1
Lesotho,LSO,Africa,Malawi,1
Lesotho,LSO,Africa,Nigeria,1
Lesotho,LSO,Africa,Pakistan,1
Lesotho,LSO,Africa,South Africa,2
Lesotho,LSO,Africa,Total,36
Lesotho,LSO,Africa,Zimbabwe,1
Liberia,LBR,Africa,Morocco,5
Liberia,LBR,Africa,Total,48
Liberia,LBR,Africa,Tunisia,1
Lithuania,LTU,Europe,Colombia,1
Lithuania,LTU,Europe,Latvia,1
Lithuania,LTU,Europe,Lithuania,135
Lithuania,LTU,Europe,Poland,1
Lithuania,LTU,Europe,Russian Federation,1
Lithuania,LTU,Europe,Total,305
Luxembourg,LUX,Europe,Albania,8
Luxembourg,LUX,Europe,Bangladesh,1
Luxembourg,LUX,Europe,Brazil,4
Luxembourg,LUX,Europe,Bulgaria,2
Luxembourg,LUX,Europe,China,2
Luxembourg,LUX,Europe,Colombia,2
Luxembourg,LUX,Europe,Gambia,1
Luxembourg,LUX,Europe,Guinea-Bissau,1
Luxembourg,LUX,Europe,India,1
Luxembourg,LUX,Europe,Morocco,1
Luxembourg,LUX,Europe,Netherlands,1
Luxembourg,LUX,Europe,Nigeria,3
Luxembourg,LUX,Europe,Pakistan,2
Luxembourg,LUX,Europe,Philippines,1
Luxembourg,LUX,Europe,Republic of Moldova,2
Luxembourg,LUX,Europe,Romania,9
Luxembourg,LUX,Europe,Total,55
Luxembourg,LUX,Europe,Ukraine,2
Malawi,MWI,Africa,Total,367
Malaysia,MYS,Asia,Bangladesh,54
Malaysia,MYS,Asia,Cambodia,286
Malaysia,MYS,Asia,China,41
Malaysia,MYS,Asia,India,37
Malaysia,MYS,Asia,Indonesia,475
Malaysia,MYS,Asia,Lao People's Democratic Republic,8
Malaysia,MYS,Asia,Malaysia,70
Malaysia,MYS,Asia,Mongolia,2
Malaysia,MYS,Asia,Myanmar,65
Malaysia,MYS,Asia,Nepal,1
Malaysia,MYS,Asia,Nigeria,11
Malaysia,MYS,Asia,Others,40
Malaysia,MYS,Asia,Philippines,191
Malaysia,MYS,Asia,Rwanda,1
Malaysia,MYS,Asia,Sri Lanka,5
Malaysia,MYS,Asia,Thailand,226
Malaysia,MYS,Asia,Total,1703
Malaysia,MYS,Asia,Uganda,1
Malaysia,MYS,Asia,Uzbekistan,1
Malaysia,MYS,Asia,Viet Nam,380
Maldives,MDV,Asia,Bangladesh,10
Maldives,MDV,Asia,China,1
Maldives,MDV,Asia,India,1
Maldives,MDV,Asia,Kenya,1
Maldives,MDV,Asia,Sri Lanka,1
Maldives,MDV,Asia,Syrian Arab Republic,22
Maldives,MDV,Asia,Total,12
Mali,MLI,Africa,Burkina Faso,1
Malta,MLT,Europe,China,8
Malta,MLT,Europe,Indonesia,1
Malta,MLT,Europe,Nigeria,1
Malta,MLT,Europe,Philippines,31
Malta,MLT,Europe,Romania,2
Malta,MLT,Europe,Russian Federation,6
Malta,MLT,Europe,Sri Lanka,1
Malta,MLT,Europe,Total,73
Malta,MLT,Europe,Ukraine,1
Malta,MLT,Europe,Viet Nam,9
Mauritania,MRT,Africa,Mauritania,5
Mauritius,MUS,Africa,Bangladesh,1
Mauritius,MUS,Africa,Madagascar,1
Mauritius,MUS,Africa,Mauritius,120
Mauritius,MUS,Africa,Nepal,1
Mauritius,MUS,Africa,Total,125
Mexico,MEX,Americas,Argentina,2
Mexico,MEX,Americas,Brazil,1
Mexico,MEX,Americas,China,11
Mexico,MEX,Americas,Colombia,1
Mexico,MEX,Americas,Cuba,1
Mexico,MEX,Americas,Ecuador,1
Mexico,MEX,Americas,El Salvador,9
Mexico,MEX,Americas,Guatemala,190
Mexico,MEX,Americas,Haiti,20
Mexico,MEX,Americas,Honduras,30
Mexico,MEX,Americas,Hungary,1
Mexico,MEX,Americas,Mexico,323
Mexico,MEX,Americas,Peru,1
Mexico,MEX,Americas,Republic of Korea,1
Mexico,MEX,Americas,Spain,1
Mexico,MEX,Americas,Total,4796
Mexico,MEX,Americas,Venezuela (Bolivarian Republic of),3
Monaco,MCO,Europe,Brazil,3
Monaco,MCO,Europe,Cameroon,1
Monaco,MCO,Europe,Congo,1
Monaco,MCO,Europe,Cuba,1
Monaco,MCO,Europe,France,1
Monaco,MCO,Europe,Italy,1
Monaco,MCO,Europe,Poland,1
Monaco,MCO,Europe,Romania,1
Monaco,MCO,Europe,Russian Federation,2
Monaco,MCO,Europe,Spain,1
Monaco,MCO,Europe,Total,18
Monaco,MCO,Europe,Ukraine,1
Mongolia,MNG,Asia,Mongolia,169
Mongolia,MNG,Asia,Total,552
Montenegro,MNE,Europe,Bosnia and Herzegovina,1
Montenegro,MNE,Europe,Kosovo under UNSCR 1244,3
Montenegro,MNE,Europe,Montenegro,3
Montenegro,MNE,Europe,Serbia,2
Montenegro,MNE,Europe,Total,45
Morocco,MAR,Africa,Morocco,11
Morocco,MAR,Africa,Total,11
Mozambique,MOZ,Africa,Mozambique,1
Mozambique,MOZ,Africa,South Africa,1
Mozambique,MOZ,Africa,Swaziland,1
Mozambique,MOZ,Africa,Total,86
Myanmar,MMR,Asia,China,196
Myanmar,MMR,Asia,Malaysia,19
Myanmar,MMR,Asia,Myanmar,59
Myanmar,MMR,Asia,Thailand,26
Myanmar,MMR,Asia,Total,3644
Namibia,NAM,Africa,Total,2
Nepal,NPL,Asia,Nepal,378
Nepal,NPL,Asia,Total,1947
Netherlands,NLD,Europe,Afghanistan,48
Netherlands,NLD,Europe,Albania,37
Netherlands,NLD,Europe,Algeria,4
Netherlands,NLD,Europe,Angola,67
Netherlands,NLD,Europe,Armenia,29
Netherlands,NLD,Europe,Austria,2
Netherlands,NLD,Europe,Azerbaijan,7
Netherlands,NLD,Europe,Bangladesh,3
Netherlands,NLD,Europe,Belarus,4
Netherlands,NLD,Europe,Belgium,5
Netherlands,NLD,Europe,Benin,7
Netherlands,NLD,Europe,Bosnia and Herzegovina,14
Netherlands,NLD,Europe,Brazil,99
Netherlands,NLD,Europe,Bulgaria,846
Netherlands,NLD,Europe,Burkina Faso,2
Netherlands,NLD,Europe,Burundi,9
Netherlands,NLD,Europe,Cabo Verde,3
Netherlands,NLD,Europe,Cameroon,46
Netherlands,NLD,Europe,Canada,3
Netherlands,NLD,Europe,Chile,1
Netherlands,NLD,Europe,China,316
Netherlands,NLD,Europe,China; Taiwan Province of China,3
Netherlands,NLD,Europe,Colombia,12
Netherlands,NLD,Europe,Congo,53
Netherlands,NLD,Europe,Costa Rica,1
Netherlands,NLD,Europe,Cote d'Ivoire,26
Netherlands,NLD,Europe,Croatia,4
Netherlands,NLD,Europe,Cuba,3
Netherlands,NLD,Europe,Cyprus,1
Netherlands,NLD,Europe,Czechia,49
Netherlands,NLD,Europe,Democratic People's Republic of Korea,10
Netherlands,NLD,Europe,Dominican Republic,21
Netherlands,NLD,Europe,Ecuador,5
Netherlands,NLD,Europe,Egypt,8
Netherlands,NLD,Europe,El Salvador,3
Netherlands,NLD,Europe,Eritrea,77
Netherlands,NLD,Europe,Estonia,1
Netherlands,NLD,Europe,Ethiopia,6
Netherlands,NLD,Europe,Finland,1
Netherlands,NLD,Europe,Former Yugoslavia,4
Netherlands,NLD,Europe,France,6
Netherlands,NLD,Europe,Gabon,1
Netherlands,NLD,Europe,Gambia,11
Netherlands,NLD,Europe,Georgia,5
Netherlands,NLD,Europe,Germany,39
Netherlands,NLD,Europe,Ghana,100
Netherlands,NLD,Europe,Greece,8
Netherlands,NLD,Europe,Guatemala,1
Netherlands,NLD,Europe,Guinea,317
Netherlands,NLD,Europe,Guinea-Bissau,5
Netherlands,NLD,Europe,Honduras,3
Netherlands,NLD,Europe,Hungary,785
Netherlands,NLD,Europe,Iceland,1
Netherlands,NLD,Europe,India,70
Netherlands,NLD,Europe,Indonesia,63
Netherlands,NLD,Europe,Iran (Islamic Republic of),12
Netherlands,NLD,Europe,Iraq,31
Netherlands,NLD,Europe,Italy,7
Netherlands,NLD,Europe,Jamaica,4
Netherlands,NLD,Europe,Japan,1
Netherlands,NLD,Europe,Kazakhstan,1
Netherlands,NLD,Europe,Kenya,12
Netherlands,NLD,Europe,Kosovo under UNSCR 1244,3
Netherlands,NLD,Europe,Kuwait,3
Netherlands,NLD,Europe,Kyrgyzstan,2
Netherlands,NLD,Europe,Latvia,29
Netherlands,NLD,Europe,Liberia,16
Netherlands,NLD,Europe,Lithuania,47
Netherlands,NLD,Europe,Madagascar,2
Netherlands,NLD,Europe,Malaysia,5
Netherlands,NLD,Europe,Mali,6
Netherlands,NLD,Europe,Mauritania,3
Netherlands,NLD,Europe,Mexico,1
Netherlands,NLD,Europe,Mongolia,46
Netherlands,NLD,Europe,Montenegro,1
Netherlands,NLD,Europe,Morocco,127
Netherlands,NLD,Europe,Myanmar,1
Netherlands,NLD,Europe,Nepal,7
Netherlands,NLD,Europe,Netherlands,3548
Netherlands,NLD,Europe,Niger,1
Netherlands,NLD,Europe,Nigeria,813
Netherlands,NLD,Europe,Oman,1
Netherlands,NLD,Europe,Others,103
Netherlands,NLD,Europe,Pakistan,14
Netherlands,NLD,Europe,Peru,5
Netherlands,NLD,Europe,Philippines,155
Netherlands,NLD,Europe,Poland,501
Netherlands,NLD,Europe,Portugal,22
Netherlands,NLD,Europe,Republic of Moldova,5
Netherlands,NLD,Europe,Romania,747
Netherlands,NLD,Europe,Russian Federation,38
Netherlands,NLD,Europe,Rwanda,3
Netherlands,NLD,Europe,Saint Vincent and the Grenadines,1
Netherlands,NLD,Europe,Senegal,8
Netherlands,NLD,Europe,Serbia,6
Netherlands,NLD,Europe,Seychelles,1
Netherlands,NLD,Europe,Sierra Leone,351
Netherlands,NLD,Europe,Slovakia,88
Netherlands,NLD,Europe,Somalia,16
Netherlands,NLD,Europe,South Africa,3
Netherlands,NLD,Europe,Spain,7
Netherlands,NLD,Europe,Sri Lanka,5
Netherlands,NLD,Europe,Sudan,8
Netherlands,NLD,Europe,Suriname,28
Netherlands,NLD,Europe,Sweden,2
Netherlands,NLD,Europe,Switzerland,1
Netherlands,NLD,Europe,Syrian Arab Republic,27
Netherlands,NLD,Europe,Thailand,38
Netherlands,NLD,Europe,The former Yugoslav Republic of Macedonia,39
Netherlands,NLD,Europe,Togo,7
Netherlands,NLD,Europe,Total,13785
Netherlands,NLD,Europe,Trinidad and Tobago,1
Netherlands,NLD,Europe,Tunisia,5
Netherlands,NLD,Europe,Turkey,23
Netherlands,NLD,Europe,Uganda,117
Netherlands,NLD,Europe,Ukraine,44
Netherlands,NLD,Europe,United Kingdom,7
Netherlands,NLD,Europe,United Republic of Tanzania,11
Netherlands,NLD,Europe,United States of America,1
Netherlands,NLD,Europe,Uzbekistan,1
Netherlands,NLD,Europe,Venezuela (Bolivarian Republic of),10
Netherlands,NLD,Europe,Viet Nam,86
Netherlands,NLD,Europe,Yemen,1
Netherlands,NLD,Europe,Zambia,4
Netherlands,NLD,Europe,Zimbabwe,6
New Zealand,NZL,Oceania,Bangladesh,1
New Zealand,NZL,Oceania,Fiji,17
New Zealand,NZL,Oceania,India,18
New Zealand,NZL,Oceania,Samoa,1
New Zealand,NZL,Oceania,Total,38
Nicaragua,NIC,Americas,Total,354
Niger,NER,Africa,Cameroon,6
Niger,NER,Africa,Niger,64
Niger,NER,Africa,Total,181
Nigeria,NGA,Africa,Benin,361
Nigeria,NGA,Africa,Burkina Faso,35
Nigeria,NGA,Africa,Cameroon,21
Nigeria,NGA,Africa,Chad,3
Nigeria,NGA,Africa,China,1
Nigeria,NGA,Africa,Congo,1
Nigeria,NGA,Africa,Cote d'Ivoire,5
Nigeria,NGA,Africa,Gabon,1
Nigeria,NGA,Africa,Ghana,17
Nigeria,NGA,Africa,Guinea,2
Nigeria,NGA,Africa,Guinea-Bissau,3
Nigeria,NGA,Africa,Italy,1
Nigeria,NGA,Africa,Lebanon,1
Nigeria,NGA,Africa,Libya,14
Nigeria,NGA,Africa,Mali,1
Nigeria,NGA,Africa,Niger,24
Nigeria,NGA,Africa,Nigeria,5466
Nigeria,NGA,Africa,Senegal,2
Nigeria,NGA,Africa,Sierra Leone,4
Nigeria,NGA,Africa,Togo,205
Nigeria,NGA,Africa,Total,11537
Nigeria,NGA,Africa,United States of America,1
Nigeria,NGA,Africa,Yemen,10
Nigeria,NGA,Africa,Zambia,1
Norway,NOR,Europe,Afghanistan,30
Norway,NOR,Europe,Albania,20
Norway,NOR,Europe,Algeria,35
Norway,NOR,Europe,Angola,1
Norway,NOR,Europe,Bangladesh,1
Norway,NOR,Europe,Brazil,2
Norway,NOR,Europe,Bulgaria,47
Norway,NOR,Europe,China,20
Norway,NOR,Europe,Congo,1
Norway,NOR,Europe,Croatia,1
Norway,NOR,Europe,Democratic People's Republic of Korea,1
Norway,NOR,Europe,Eritrea,28
Norway,NOR,Europe,Estonia,2
Norway,NOR,Europe,Ethiopia,17
Norway,NOR,Europe,Ghana,9
Norway,NOR,Europe,India,23
Norway,NOR,Europe,Iraq,8
Norway,NOR,Europe,Italy,1
Norway,NOR,Europe,Kenya,14
Norway,NOR,Europe,Latvia,7
Norway,NOR,Europe,Liberia,2
Norway,NOR,Europe,Lithuania,41
Norway,NOR,Europe,Mongolia,4
Norway,NOR,Europe,Morocco,25
Norway,NOR,Europe,Myanmar,1
Norway,NOR,Europe,Nepal,3
Norway,NOR,Europe,Netherlands,1
Norway,NOR,Europe,Nigeria,767
Norway,NOR,Europe,Pakistan,31
Norway,NOR,Europe,Philippines,66
Norway,NOR,Europe,Poland,13
Norway,NOR,Europe,Romania,195
Norway,NOR,Europe,Russian Federation,18
Norway,NOR,Europe,Sierra Leone,1
Norway,NOR,Europe,Somalia,29
Norway,NOR,Europe,Spain,1
Norway,NOR,Europe,Sri Lanka,5
Norway,NOR,Europe,Sudan,3
Norway,NOR,Europe,Syrian Arab Republic,1
Norway,NOR,Europe,Thailand,6
Norway,NOR,Europe,Total,2159
Norway,NOR,Europe,Tunisia,3
Norway,NOR,Europe,Uganda,9
Norway,NOR,Europe,Ukraine,13
Norway,NOR,Europe,United Kingdom,2
Norway,NOR,Europe,Uzbekistan,1
Oman,OMN,Asia,Bangladesh,7
Oman,OMN,Asia,Indonesia,1
Oman,OMN,Asia,Morocco,2
Oman,OMN,Asia,Nepal,1
Oman,OMN,Asia,Total,134
Palau,PLW,Oceania,China,9
Palau,PLW,Oceania,Philippines,7
Palau,PLW,Oceania,Total,16
Panama,PAN,Americas,Belarus,1
Panama,PAN,Americas,Colombia,92
Panama,PAN,Americas,Costa Rica,1
Panama,PAN,Americas,Cuba,6
Panama,PAN,Americas,Dominican Republic,7
Panama,PAN,Americas,Honduras,1
Panama,PAN,Americas,Lebanon,1
Panama,PAN,Americas,Nicaragua,17
Panama,PAN,Americas,Others,7
Panama,PAN,Americas,Panama,5
Panama,PAN,Americas,Peru,1
Panama,PAN,Americas,Russian Federation,1
Panama,PAN,Americas,Total,193
Panama,PAN,Americas,Ukraine,1
Panama,PAN,Americas,Venezuela (Bolivarian Republic of),67
Paraguay,PRY,Americas,Argentina,2
Paraguay,PRY,Americas,Bolivia (Plurinational State of),18
Paraguay,PRY,Americas,Brazil,2
Paraguay,PRY,Americas,Colombia,3
Paraguay,PRY,Americas,Ecuador,2
Paraguay,PRY,Americas,Indonesia,30
Paraguay,PRY,Americas,Paraguay,559
Paraguay,PRY,Americas,Peru,8
Paraguay,PRY,Americas,Republic of Korea,1
Paraguay,PRY,Americas,Sweden,1
Paraguay,PRY,Americas,Thailand,1
Paraguay,PRY,Americas,Total,945
Peru,PER,Americas,Argentina,2
Peru,PER,Americas,Bangladesh,1
Peru,PER,Americas,Bolivia (Plurinational State of),2
Peru,PER,Americas,Brazil,2
Peru,PER,Americas,Colombia,5
Peru,PER,Americas,Dominican Republic,1
Peru,PER,Americas,Ecuador,19
Peru,PER,Americas,Haiti,9
Peru,PER,Americas,India,6
Peru,PER,Americas,Japan,1
Peru,PER,Americas,Paraguay,1
Peru,PER,Americas,Peru,2901
Peru,PER,Americas,Philippines,1
Peru,PER,Americas,Senegal,1
Peru,PER,Americas,Total,4330
Peru,PER,Americas,United Republic of Tanzania,1
Peru,PER,Americas,Venezuela (Bolivarian Republic of),1
Philippines,PHL,Asia,China,14
Philippines,PHL,Asia,Indonesia,42
Philippines,PHL,Asia,Philippines,2970
Philippines,PHL,Asia,Total,6445
Philippines,PHL,Asia,Ukraine,1
Poland,POL,Europe,Bangladesh,7
Poland,POL,Europe,Belarus,2
Poland,POL,Europe,Bulgaria,55
Poland,POL,Europe,Cameroon,1
Poland,POL,Europe,Congo,1
Poland,POL,Europe,Czechia,1
Poland,POL,Europe,Kenya,4
Poland,POL,Europe,Morocco,1
Poland,POL,Europe,Nepal,5
Poland,POL,Europe,Nigeria,1
Poland,POL,Europe,Philippines,36
Poland,POL,Europe,Poland,237
Poland,POL,Europe,Republic of Moldova,2
Poland,POL,Europe,Romania,74
Poland,POL,Europe,Russian Federation,1
Poland,POL,Europe,Serbia,1
Poland,POL,Europe,Slovakia,1
Poland,POL,Europe,Sri Lanka,22
Poland,POL,Europe,The former Yugoslav Republic of Macedonia,15
Poland,POL,Europe,Total,2556
Poland,POL,Europe,Ukraine,315
Poland,POL,Europe,Viet Nam,39
Poland,POL,Europe,Zimbabwe,1
Portugal,PRT,Europe,Angola,13
Portugal,PRT,Europe,Brazil,30
Portugal,PRT,Europe,Bulgaria,22
Portugal,PRT,Europe,China,1
Portugal,PRT,Europe,Congo,1
Portugal,PRT,Europe,Guinea-Bissau,6
Portugal,PRT,Europe,India,1
Portugal,PRT,Europe,Mali,1
Portugal,PRT,Europe,Mozambique,16
Portugal,PRT,Europe,Nepal,40
Portugal,PRT,Europe,Nigeria,26
Portugal,PRT,Europe,Others,13
Portugal,PRT,Europe,Pakistan,5
Portugal,PRT,Europe,Portugal,76
Portugal,PRT,Europe,Romania,198
Portugal,PRT,Europe,Senegal,1
Portugal,PRT,Europe,Sudan,1
Portugal,PRT,Europe,Total,432
Portugal,PRT,Europe,Ukraine,2
Qatar,QAT,Asia,Algeria,1
Qatar,QAT,Asia,Bangladesh,1
Qatar,QAT,Asia,Egypt,26
Qatar,QAT,Asia,Ethiopia,12
Qatar,QAT,Asia,Ghana,1
Qatar,QAT,Asia,India,4
Qatar,QAT,Asia,Indonesia,26
Qatar,QAT,Asia,Jordan,1
Qatar,QAT,Asia,Morocco,219
Qatar,QAT,Asia,Nepal,3
Qatar,QAT,Asia,Oman,3
Qatar,QAT,Asia,Pakistan,1
Qatar,QAT,Asia,Philippines,39
Qatar,QAT,Asia,Qatar,10
Qatar,QAT,Asia,Saudi Arabia,1
Qatar,QAT,Asia,Sri Lanka,2
Qatar,QAT,Asia,Sudan,3
Qatar,QAT,Asia,Syrian Arab Republic,5
Qatar,QAT,Asia,Total,550
Qatar,QAT,Asia,Tunisia,18
Qatar,QAT,Asia,Venezuela (Bolivarian Republic of),1
Republic of Moldova,MDA,Europe,Germany,14
Republic of Moldova,MDA,Europe,Republic of Moldova,231
Republic of Moldova,MDA,Europe,Syrian Arab Republic,2
Republic of Moldova,MDA,Europe,Total,3032
Romania,ROU,Europe,Bangladesh,5
Romania,ROU,Europe,Bulgaria,1
Romania,ROU,Europe,Colombia,1
Romania,ROU,Europe,France,1
Romania,ROU,Europe,Greece,1
Romania,ROU,Europe,Honduras,13
Romania,ROU,Europe,Hungary,1
Romania,ROU,Europe,Republic of Moldova,3
Romania,ROU,Europe,Romania,2495
Romania,ROU,Europe,Serbia,1
Romania,ROU,Europe,Total,14698
Russian Federation,RUS,Europe,Total,423
Rwanda,RWA,Africa,Burundi,73
Rwanda,RWA,Africa,Nigeria,1
Rwanda,RWA,Africa,Rwanda,48
Rwanda,RWA,Africa,Total,189
Senegal,SEN,Africa,Nigeria,5
Senegal,SEN,Africa,Senegal,1
Senegal,SEN,Africa,Total,3
Serbia,SRB,Europe,Albania,21
Serbia,SRB,Europe,Bosnia and Herzegovina,8
Serbia,SRB,Europe,Bulgaria,1
Serbia,SRB,Europe,Croatia,1
Serbia,SRB,Europe,Czechia,1
Serbia,SRB,Europe,Dominican Republic,1
Serbia,SRB,Europe,Former Yugoslavia,1
Serbia,SRB,Europe,Montenegro,2
Serbia,SRB,Europe,Republic of Moldova,2
Serbia,SRB,Europe,Romania,4
Serbia,SRB,Europe,Serbia,483
Serbia,SRB,Europe,Thailand,1
Serbia,SRB,Europe,The former Yugoslav Republic of Macedonia,1
Serbia,SRB,Europe,Total,803
Serbia,SRB,Europe,Turkey,1
Serbia,SRB,Europe,Ukraine,3
Sierra Leone,SLE,Africa,Total,67
Singapore,SGP,Asia,Singapore,16
Singapore,SGP,Asia,Total,182
Slovakia,SVK,Europe,Bulgaria,1
Slovakia,SVK,Europe,Cameroon,1
Slovakia,SVK,Europe,Hungary,1
Slovakia,SVK,Europe,Kenya,1
Slovakia,SVK,Europe,Philippines,1
Slovakia,SVK,Europe,Republic of Moldova,1
Slovakia,SVK,Europe,Romania,1
Slovakia,SVK,Europe,Slovakia,130
Slovakia,SVK,Europe,Total,481
Slovakia,SVK,Europe,Ukraine,2
Slovakia,SVK,Europe,Viet Nam,1
Slovenia,SVN,Europe,Albania,1
Slovenia,SVN,Europe,Bosnia and Herzegovina,8
Slovenia,SVN,Europe,Bulgaria,6
Slovenia,SVN,Europe,Czechia,10
Slovenia,SVN,Europe,Dominican Republic,10
Slovenia,SVN,Europe,Germany,1
Slovenia,SVN,Europe,Ghana,2
Slovenia,SVN,Europe,Hungary,10
Slovenia,SVN,Europe,Iran (Islamic Republic of),1
Slovenia,SVN,Europe,Kazakhstan,2
Slovenia,SVN,Europe,Kosovo under UNSCR 1244,1
Slovenia,SVN,Europe,Others,6
Slovenia,SVN,Europe,Republic of Moldova,7
Slovenia,SVN,Europe,Romania,39
Slovenia,SVN,Europe,Serbia,31
Slovenia,SVN,Europe,Slovakia,7
Slovenia,SVN,Europe,Slovenia,25
Slovenia,SVN,Europe,The former Yugoslav Republic of Macedonia,2
Slovenia,SVN,Europe,Total,417
Slovenia,SVN,Europe,Ukraine,36
South Africa,ZAF,Africa,Bangladesh,1
South Africa,ZAF,Africa,Brazil,2
South Africa,ZAF,Africa,Bulgaria,1
South Africa,ZAF,Africa,Burundi,2
South Africa,ZAF,Africa,China,2
South Africa,ZAF,Africa,Congo,2
South Africa,ZAF,Africa,India,1
South Africa,ZAF,Africa,Mozambique,27
South Africa,ZAF,Africa,Namibia,1
South Africa,ZAF,Africa,Nigeria,2
South Africa,ZAF,Africa,Pakistan,1
South Africa,ZAF,Africa,Romania,1
South Africa,ZAF,Africa,Russian Federation,3
South Africa,ZAF,Africa,Rwanda,2
South Africa,ZAF,Africa,South Africa,156
South Africa,ZAF,Africa,Swaziland,1
South Africa,ZAF,Africa,Thailand,48
South Africa,ZAF,Africa,Total,408
Spain,ESP,Europe,Albania,2
Spain,ESP,Europe,Argentina,17
Spain,ESP,Europe,Belarus,1
Spain,ESP,Europe,Belgium,1
Spain,ESP,Europe,Benin,1
Spain,ESP,Europe,Bolivia (Plurinational State of),14
Spain,ESP,Europe,Bosnia and Herzegovina,9
Spain,ESP,Europe,Brazil,406
Spain,ESP,Europe,Bulgaria,112
Spain,ESP,Europe,Burkina Faso,1
Spain,ESP,Europe,Cameroon,3
Spain,ESP,Europe,Chile,2
Spain,ESP,Europe,China,242
Spain,ESP,Europe,Colombia,131
Spain,ESP,Europe,Congo,2
Spain,ESP,Europe,Costa Rica,2
Spain,ESP,Europe,Cote d'Ivoire,1
Spain,ESP,Europe,Croatia,1
Spain,ESP,Europe,Cuba,10
Spain,ESP,Europe,Czechia,1
Spain,ESP,Europe,Dominican Republic,157
Spain,ESP,Europe,Ecuador,45
Spain,ESP,Europe,El Salvador,1
Spain,ESP,Europe,Equatorial Guinea,1
Spain,ESP,Europe,Estonia,1
Spain,ESP,Europe,France,2
Spain,ESP,Europe,Gambia,1
Spain,ESP,Europe,Georgia,1
Spain,ESP,Europe,Ghana,2
Spain,ESP,Europe,Guatemala,1
Spain,ESP,Europe,Guinea,3
Spain,ESP,Europe,Guinea-Bissau,1
Spain,ESP,Europe,Honduras,1
Spain,ESP,Europe,Hungary,2
Spain,ESP,Europe,India,30
Spain,ESP,Europe,Italy,1
Spain,ESP,Europe,Kenya,1
Spain,ESP,Europe,Latvia,1
Spain,ESP,Europe,Liberia,1
Spain,ESP,Europe,Lithuania,19
Spain,ESP,Europe,Malawi,1
Spain,ESP,Europe,Mali,1
Spain,ESP,Europe,Morocco,69
Spain,ESP,Europe,Nicaragua,2
Spain,ESP,Europe,Nigeria,237
Spain,ESP,Europe,Pakistan,28
Spain,ESP,Europe,Paraguay,281
Spain,ESP,Europe,Peru,1
Spain,ESP,Europe,Poland,1
Spain,ESP,Europe,Portugal,46
Spain,ESP,Europe,Republic of Moldova,8
Spain,ESP,Europe,Romania,821
Spain,ESP,Europe,Russian Federation,149
Spain,ESP,Europe,Rwanda,1
Spain,ESP,Europe,Senegal,2
Spain,ESP,Europe,Serbia,1
Spain,ESP,Europe,Sierra Leone,1
Spain,ESP,Europe,Slovakia,1
Spain,ESP,Europe,Slovenia,1
Spain,ESP,Europe,Spain,177
Spain,ESP,Europe,Switzerland,1
Spain,ESP,Europe,Thailand,9
Spain,ESP,Europe,Total,17472
Spain,ESP,Europe,Uganda,2
Spain,ESP,Europe,Ukraine,18
Spain,ESP,Europe,United Kingdom,1
Spain,ESP,Europe,United States of America,1
Spain,ESP,Europe,Venezuela (Bolivarian Republic of),16
Spain,ESP,Europe,Viet Nam,1
Sri Lanka,LKA,Asia,Sri Lanka,13
Sri Lanka,LKA,Asia,Total,138
Sri Lanka,LKA,Asia,Uzbekistan,1
Suriname,SUR,Americas,Total,36
Swaziland,SWZ,Africa,China,1
Swaziland,SWZ,Africa,South Africa,29
Swaziland,SWZ,Africa,Swaziland,26
Swaziland,SWZ,Africa,Total,66
Sweden,SWE,Europe,Bulgaria,19
Sweden,SWE,Europe,Hungary,2
Sweden,SWE,Europe,Lithuania,1
Sweden,SWE,Europe,Nigeria,1
Sweden,SWE,Europe,Poland,6
Sweden,SWE,Europe,Romania,20
Sweden,SWE,Europe,Serbia,1
Sweden,SWE,Europe,Slovakia,2
Sweden,SWE,Europe,Sweden,1
Sweden,SWE,Europe,Total,126
Sweden,SWE,Europe,United Kingdom,1
Switzerland,CHE,Europe,Albania,2
Switzerland,CHE,Europe,Austria,1
Switzerland,CHE,Europe,Bangladesh,1
Switzerland,CHE,Europe,Benin,2
Switzerland,CHE,Europe,Brazil,5
Switzerland,CHE,Europe,Bulgaria,21
Switzerland,CHE,Europe,Cameroon,2
Switzerland,CHE,Europe,China,8
Switzerland,CHE,Europe,Colombia,1
Switzerland,CHE,Europe,Congo,1
Switzerland,CHE,Europe,Cote d'Ivoire,1
Switzerland,CHE,Europe,Croatia,2
Switzerland,CHE,Europe,Czechia,1
Switzerland,CHE,Europe,Dominican Republic,11
Switzerland,CHE,Europe,Ecuador,1
Switzerland,CHE,Europe,Eritrea,1
Switzerland,CHE,Europe,Ethiopia,2
Switzerland,CHE,Europe,Germany,3
Switzerland,CHE,Europe,Ghana,1
Switzerland,CHE,Europe,Hungary,76
Switzerland,CHE,Europe,India,3
Switzerland,CHE,Europe,Kenya,1
Switzerland,CHE,Europe,Kosovo under UNSCR 1244,1
Switzerland,CHE,Europe,Malaysia,2
Switzerland,CHE,Europe,Mongolia,1
Switzerland,CHE,Europe,Montenegro,1
Switzerland,CHE,Europe,Morocco,1
Switzerland,CHE,Europe,Mozambique,1
Switzerland,CHE,Europe,Nepal,1
Switzerland,CHE,Europe,Nigeria,3
Switzerland,CHE,Europe,Others,1
Switzerland,CHE,Europe,Philippines,2
Switzerland,CHE,Europe,Poland,1
Switzerland,CHE,Europe,Romania,45
Switzerland,CHE,Europe,Russian Federation,2
Switzerland,CHE,Europe,Serbia,1
Switzerland,CHE,Europe,Slovakia,5
Switzerland,CHE,Europe,Spain,1
Switzerland,CHE,Europe,Sri Lanka,1
Switzerland,CHE,Europe,Switzerland,2
Switzerland,CHE,Europe,Thailand,64
Switzerland,CHE,Europe,The former Yugoslav Republic of Macedonia,1
Switzerland,CHE,Europe,Togo,1
Switzerland,CHE,Europe,Total,881
Switzerland,CHE,Europe,Ukraine,2
Switzerland,CHE,Europe,Venezuela (Bolivarian Republic of),1
Syrian Arab Republic,SYR,Asia,Syrian Arab Republic,1
Tajikistan,TJK,Asia,Tajikistan,180
Tajikistan,TJK,Asia,Total,543
Tajikistan,TJK,Asia,Uzbekistan,1
Thailand,THA,Asia,Bangladesh,73
Thailand,THA,Asia,Cambodia,269
Thailand,THA,Asia,China,3
Thailand,THA,Asia,India,7
Thailand,THA,Asia,Indonesia,8
Thailand,THA,Asia,Lao People's Democratic Republic,516
Thailand,THA,Asia,Myanmar,1210
Thailand,THA,Asia,Others,33
Thailand,THA,Asia,Philippines,1
Thailand,THA,Asia,Sri Lanka,1
Thailand,THA,Asia,Thailand,1598
Thailand,THA,Asia,Total,4531
Thailand,THA,Asia,Uganda,1
Thailand,THA,Asia,Uzbekistan,2
Thailand,THA,Asia,Viet Nam,136
The former Yugoslav Republic of Macedonia,MKD,Europe,Albania,3
The former Yugoslav Republic of Macedonia,MKD,Europe,Bosnia and Herzegovina,1
The former Yugoslav Republic of Macedonia,MKD,Europe,Bulgaria,1
The former Yugoslav Republic of Macedonia,MKD,Europe,Kosovo under UNSCR 1244,1
The former Yugoslav Republic of Macedonia,MKD,Europe,Romania,1
The former Yugoslav Republic of Macedonia,MKD,Europe,Serbia,2
The former Yugoslav Republic of Macedonia,MKD,Europe,The former Yugoslav Republic of Macedonia,37
The former Yugoslav Republic of Macedonia,MKD,Europe,Total,213
Timor-Leste,TLS,Asia,Total,39
Togo,TGO,Africa,Benin,2
Togo,TGO,Africa,Mali,12
Togo,TGO,Africa,Nigeria,1
Togo,TGO,Africa,Togo,573
Togo,TGO,Africa,Total,4432
Trinidad and Tobago,TTO,Americas,Colombia,15
Trinidad and Tobago,TTO,Americas,Dominican Republic,10
Trinidad and Tobago,TTO,Americas,Guyana,3
Trinidad and Tobago,TTO,Americas,Philippines,1
Trinidad and Tobago,TTO,Americas,Total,47
Trinidad and Tobago,TTO,Americas,Trinidad and Tobago,1
Trinidad and Tobago,TTO,Americas,Venezuela (Bolivarian Republic of),3
Tunisia,TUN,Africa,Bangladesh,1
Tunisia,TUN,Africa,Cote d'Ivoire,16
Tunisia,TUN,Africa,Morocco,2
Tunisia,TUN,Africa,Nigeria,1
Tunisia,TUN,Africa,Senegal,1
Tunisia,TUN,Africa,Total,416
Tunisia,TUN,Africa,Tunisia,223
Turkey,TUR,Asia,Afghanistan,15
Turkey,TUR,Asia,Armenia,2
Turkey,TUR,Asia,Azerbaijan,52
Turkey,TUR,Asia,Belarus,2
Turkey,TUR,Asia,Bulgaria,7
Turkey,TUR,Asia,Ethiopia,1
Turkey,TUR,Asia,Georgia,32
Turkey,TUR,Asia,Germany,1
Turkey,TUR,Asia,Kazakhstan,5
Turkey,TUR,Asia,Kyrgyzstan,108
Turkey,TUR,Asia,Mongolia,1
Turkey,TUR,Asia,Morocco,11
Turkey,TUR,Asia,Nigeria,1
Turkey,TUR,Asia,Pakistan,1
Turkey,TUR,Asia,Republic of Moldova,91
Turkey,TUR,Asia,Romania,3
Turkey,TUR,Asia,Russian Federation,39
Turkey,TUR,Asia,Syrian Arab Republic,13
Turkey,TUR,Asia,Tajikistan,1
Turkey,TUR,Asia,Total,1588
Turkey,TUR,Asia,Turkey,1
Turkey,TUR,Asia,Turkmenistan,118
Turkey,TUR,Asia,Ukraine,25
Turkey,TUR,Asia,Uzbekistan,145
Turkmenistan,TKM,Asia,Total,44
Uganda,UGA,Africa,Burundi,1
Uganda,UGA,Africa,Ghana,10
Uganda,UGA,Africa,Madagascar,5
Uganda,UGA,Africa,Rwanda,5
Uganda,UGA,Africa,Somalia,6
Uganda,UGA,Africa,South Sudan,2
Uganda,UGA,Africa,Total,1421
Uganda,UGA,Africa,Uganda,64
Uganda,UGA,Africa,United Republic of Tanzania,1
Ukraine,UKR,Europe,Belarus,2
Ukraine,UKR,Europe,India,1
Ukraine,UKR,Europe,Lithuania,1
Ukraine,UKR,Europe,Pakistan,1
Ukraine,UKR,Europe,Philippines,1
Ukraine,UKR,Europe,Republic of Moldova,48
Ukraine,UKR,Europe,Russian Federation,25
Ukraine,UKR,Europe,Total,4115
Ukraine,UKR,Europe,Ukraine,646
Ukraine,UKR,Europe,Uzbekistan,19
Ukraine,UKR,Europe,Viet Nam,24
United Arab Emirates,ARE,Asia,Algeria,1
United Arab Emirates,ARE,Asia,Armenia,1
United Arab Emirates,ARE,Asia,Azerbaijan,2
United Arab Emirates,ARE,Asia,Bangladesh,70
United Arab Emirates,ARE,Asia,China,3
United Arab Emirates,ARE,Asia,Colombia,1
United Arab Emirates,ARE,Asia,Dominican Republic,1
United Arab Emirates,ARE,Asia,Ethiopia,2
United Arab Emirates,ARE,Asia,India,30
United Arab Emirates,ARE,Asia,Indonesia,30
United Arab Emirates,ARE,Asia,Iraq,14
United Arab Emirates,ARE,Asia,Kazakhstan,1
United Arab Emirates,ARE,Asia,Kyrgyzstan,2
United Arab Emirates,ARE,Asia,Lebanon,24
United Arab Emirates,ARE,Asia,Morocco,5
United Arab Emirates,ARE,Asia,Nepal,2
United Arab Emirates,ARE,Asia,Nigeria,4
United Arab Emirates,ARE,Asia,Pakistan,41
United Arab Emirates,ARE,Asia,Philippines,67
United Arab Emirates,ARE,Asia,Republic of Moldova,3
United Arab Emirates,ARE,Asia,Russian Federation,2
United Arab Emirates,ARE,Asia,Sri Lanka,2
United Arab Emirates,ARE,Asia,Syrian Arab Republic,2
United Arab Emirates,ARE,Asia,Tajikistan,1
United Arab Emirates,ARE,Asia,Thailand,23
United Arab Emirates,ARE,Asia,Total,528
United Arab Emirates,ARE,Asia,Turkmenistan,1
United Arab Emirates,ARE,Asia,United Arab Emirates,4
United Arab Emirates,ARE,Asia,Uzbekistan,23
United Kingdom,GBR,Europe,Afghanistan,1
United Kingdom,GBR,Europe,Albania,192
United Kingdom,GBR,Europe,Angola,1
United Kingdom,GBR,Europe,Bangladesh,15
United Kingdom,GBR,Europe,Bolivia (Plurinational State of),2
United Kingdom,GBR,Europe,Bulgaria,36
United Kingdom,GBR,Europe,Burundi,1
United Kingdom,GBR,Europe,Cameroon,3
United Kingdom,GBR,Europe,China,182
United Kingdom,GBR,Europe,Congo,2
United Kingdom,GBR,Europe,Cote d'Ivoire,2
United Kingdom,GBR,Europe,Czechia,155
United Kingdom,GBR,Europe,Democratic People's Republic of Korea,1
United Kingdom,GBR,Europe,Egypt,1
United Kingdom,GBR,Europe,Eritrea,8
United Kingdom,GBR,Europe,Ethiopia,4
United Kingdom,GBR,Europe,France,1
United Kingdom,GBR,Europe,Gambia,4
United Kingdom,GBR,Europe,Ghana,25
United Kingdom,GBR,Europe,Guinea,2
United Kingdom,GBR,Europe,Hungary,160
United Kingdom,GBR,Europe,India,52
United Kingdom,GBR,Europe,Indonesia,11
United Kingdom,GBR,Europe,Iran (Islamic Republic of),2
United Kingdom,GBR,Europe,Ireland,1
United Kingdom,GBR,Europe,Jamaica,2
United Kingdom,GBR,Europe,Kenya,16
United Kingdom,GBR,Europe,Kosovo under UNSCR 1244,1
United Kingdom,GBR,Europe,Lao People's Democratic Republic,1
United Kingdom,GBR,Europe,Latvia,44
United Kingdom,GBR,Europe,Liberia,2
United Kingdom,GBR,Europe,Lithuania,193
United Kingdom,GBR,Europe,Malawi,2
United Kingdom,GBR,Europe,Mali,2
United Kingdom,GBR,Europe,Mauritania,1
United Kingdom,GBR,Europe,Mauritius,1
United Kingdom,GBR,Europe,Mongolia,1
United Kingdom,GBR,Europe,Morocco,1
United Kingdom,GBR,Europe,Myanmar,1
United Kingdom,GBR,Europe,Nepal,1
United Kingdom,GBR,Europe,Netherlands,2
United Kingdom,GBR,Europe,Nigeria,424
United Kingdom,GBR,Europe,Pakistan,16
United Kingdom,GBR,Europe,Philippines,36
United Kingdom,GBR,Europe,Poland,352
United Kingdom,GBR,Europe,Republic of Moldova,1
United Kingdom,GBR,Europe,Romania,354
United Kingdom,GBR,Europe,Russian Federation,1
United Kingdom,GBR,Europe,Rwanda,2
United Kingdom,GBR,Europe,Senegal,1
United Kingdom,GBR,Europe,Sierra Leone,26
United Kingdom,GBR,Europe,Slovakia,330
United Kingdom,GBR,Europe,Somalia,3
United Kingdom,GBR,Europe,South Africa,2
United Kingdom,GBR,Europe,Spain,1
United Kingdom,GBR,Europe,Sri Lanka,3
United Kingdom,GBR,Europe,Sudan,1
United Kingdom,GBR,Europe,Swaziland,1
United Kingdom,GBR,Europe,Syrian Arab Republic,1
United Kingdom,GBR,Europe,Thailand,10
United Kingdom,GBR,Europe,Togo,1
United Kingdom,GBR,Europe,Total,4439
United Kingdom,GBR,Europe,Turkey,1
United Kingdom,GBR,Europe,Uganda,80
United Kingdom,GBR,Europe,Ukraine,1
United Kingdom,GBR,Europe,United Kingdom,634
United Kingdom,GBR,Europe,United Republic of Tanzania,2
United Kingdom,GBR,Europe,United States of America,1
United Kingdom,GBR,Europe,Viet Nam,334
United Kingdom,GBR,Europe,Western Sahara,1
United Kingdom,GBR,Europe,Zambia,2
United Kingdom,GBR,Europe,Zimbabwe,19
United Republic of Tanzania,TZA,Africa,Rwanda,1
United Republic of Tanzania,TZA,Africa,Total,9
United States of America,USA,Americas,Afghanistan,6
United States of America,USA,Americas,Algeria,2
United States of America,USA,Americas,Argentina,2
United States of America,USA,Americas,Australia,2
United States of America,USA,Americas,Bangladesh,2
United States of America,USA,Americas,Belarus,2
United States of America,USA,Americas,Belize,6
United States of America,USA,Americas,Bolivia (Plurinational State of),2
United States of America,USA,Americas,Brazil,34
United States of America,USA,Americas,Bulgaria,2
United States of America,USA,Americas,Burkina Faso,2
United States of America,USA,Americas,Cambodia,7
United States of America,USA,Americas,Cameroon,17
United States of America,USA,Americas,Canada,16
United States of America,USA,Americas,Chile,2
United States of America,USA,Americas,China,122
United States of America,USA,Americas,China; Taiwan Province of China,1
United States of America,USA,Americas,Colombia,8
United States of America,USA,Americas,Congo,2
United States of America,USA,Americas,Costa Rica,2
United States of America,USA,Americas,Cuba,2
United States of America,USA,Americas,Democratic People's Republic of Korea,2
United States of America,USA,Americas,Dominican Republic,33
United States of America,USA,Americas,Ecuador,17
United States of America,USA,Americas,Egypt,2
United States of America,USA,Americas,El Salvador,400
United States of America,USA,Americas,Eritrea,2
United States of America,USA,Americas,Ethiopia,38
United States of America,USA,Americas,France,2
United States of America,USA,Americas,Gabon,2
United States of America,USA,Americas,Germany,2
United States of America,USA,Americas,Ghana,2
United States of America,USA,Americas,Guatemala,602
United States of America,USA,Americas,Guinea,10
United States of America,USA,Americas,Guyana,2
United States of America,USA,Americas,Haiti,54
United States of America,USA,Americas,Honduras,752
United States of America,USA,Americas,India,214
United States of America,USA,Americas,Indonesia,70
United States of America,USA,Americas,Iran (Islamic Republic of),2
United States of America,USA,Americas,Iraq,2
United States of America,USA,Americas,Jamaica,17
United States of America,USA,Americas,Japan,1
United States of America,USA,Americas,Jordan,2
United States of America,USA,Americas,Kazakhstan,1
United States of America,USA,Americas,Kenya,26
United States of America,USA,Americas,Kosovo under UNSCR 1244,1
United States of America,USA,Americas,Lao People's Democratic Republic,2
United States of America,USA,Americas,Latvia,6
United States of America,USA,Americas,Lebanon,2
United States of America,USA,Americas,Lesotho,2
United States of America,USA,Americas,Liberia,1
United States of America,USA,Americas,Maldives,168
United States of America,USA,Americas,Mexico,2433
United States of America,USA,Americas,Morocco,6
United States of America,USA,Americas,Myanmar,2
United States of America,USA,Americas,Nepal,7
United States of America,USA,Americas,Netherlands,6
United States of America,USA,Americas,Nicaragua,25
United States of America,USA,Americas,Niger,2
United States of America,USA,Americas,Nigeria,2
United States of America,USA,Americas,Norway,2
United States of America,USA,Americas,Others,17
United States of America,USA,Americas,Pakistan,11
United States of America,USA,Americas,Peru,66
United States of America,USA,Americas,Philippines,1487
United States of America,USA,Americas,Portugal,2
United States of America,USA,Americas,Republic of Korea,89
United States of America,USA,Americas,Romania,1
United States of America,USA,Americas,Russian Federation,16
United States of America,USA,Americas,Rwanda,6
United States of America,USA,Americas,Saint Vincent and the Grenadines,122
United States of America,USA,Americas,Senegal,2
United States of America,USA,Americas,Serbia,1
United States of America,USA,Americas,Sierra Leone,1
United States of America,USA,Americas,Singapore,1
United States of America,USA,Americas,Sri Lanka,2
United States of America,USA,Americas,Sudan,2
United States of America,USA,Americas,Sweden,1
United States of America,USA,Americas,Thailand,742
United States of America,USA,Americas,Togo,2
United States of America,USA,Americas,Total,18443
United States of America,USA,Americas,Uganda,2
United States of America,USA,Americas,Ukraine,17
United States of America,USA,Americas,United Kingdom,2
United States of America,USA,Americas,United Republic of Tanzania,16
United States of America,USA,Americas,United States of America,7841
United States of America,USA,Americas,Uzbekistan,2
United States of America,USA,Americas,Viet Nam,14
United States of America,USA,Americas,Zambia,2
United States of America,USA,Americas,Zimbabwe,2
Uruguay,URY,Americas,Bolivia (Plurinational State of),1
Uruguay,URY,Americas,Dominican Republic,95
Uruguay,URY,Americas,Paraguay,1
Uruguay,URY,Americas,Peru,1
Uruguay,URY,Americas,Total,398
Uruguay,URY,Americas,Uruguay,12
Uzbekistan,UZB,Asia,Kazakhstan,1
Uzbekistan,UZB,Asia,Kyrgyzstan,1
Uzbekistan,UZB,Asia,Tajikistan,1
Uzbekistan,UZB,Asia,Total,11970
Uzbekistan,UZB,Asia,Uzbekistan,438
Venezuela (Bolivarian Republic of),VEN,Americas,Bolivia (Plurinational State of),2
Venezuela (Bolivarian Republic of),VEN,Americas,China,19
Venezuela (Bolivarian Republic of),VEN,Americas,Colombia,12
Venezuela (Bolivarian Republic of),VEN,Americas,Ecuador,3
Venezuela (Bolivarian Republic of),VEN,Americas,Ethiopia,1
Venezuela (Bolivarian Republic of),VEN,Americas,Guatemala,1
Venezuela (Bolivarian Republic of),VEN,Americas,Iran (Islamic Republic of),1
Venezuela (Bolivarian Republic of),VEN,Americas,Kenya,2
Venezuela (Bolivarian Republic of),VEN,Americas,Mexico,1
Venezuela (Bolivarian Republic of),VEN,Americas,Peru,9
Venezuela (Bolivarian Republic of),VEN,Americas,Philippines,1
Venezuela (Bolivarian Republic of),VEN,Americas,Somalia,1
Venezuela (Bolivarian Republic of),VEN,Americas,South Africa,1
Venezuela (Bolivarian Republic of),VEN,Americas,Total,276
Venezuela (Bolivarian Republic of),VEN,Americas,Venezuela (Bolivarian Republic of),163
Viet Nam,VNM,Asia,Total,7260
Zambia,ZMB,Africa,Afghanistan,1
Zambia,ZMB,Africa,Angola,5
Zambia,ZMB,Africa,Congo,1
Zambia,ZMB,Africa,Rwanda,13
Zambia,ZMB,Africa,Total,66
Zambia,ZMB,Africa,Zambia,8
Zimbabwe,ZWE,Africa,Total,5
